{"val_rmse":1.8470932245254517,"train_loss_epoch":0.7766117453575134,"_wandb":{"runtime":73},"val_target_std":1.9835225343704224,"val_pred_std":1.6108019351959229,"val_target_mean":-0.0193891953676939,"val_correlation":0.7651826739311218,"_runtime":72.8898889,"train_loss_step":0.776482343673706,"_step":18,"train_rmse":1.235947847366333,"trainer/global_step":500,"val_r2":0.07682269811630249,"train_r2":0.602219820022583,"val_mae":1.448543667793274,"val_pred_mean":1.3309013843536377,"epoch":4,"_timestamp":1.751134160804102e+09,"val_max_error":6.122262477874756,"val_loss":1.448543667793274,"train_mae":0.7766117453575134}