{
    "BON PCA": {
        "#Feats": 6,
        "LASSO": 0.952313451648016,
        "RF": 0.7642312697632795,
        "XGB": 0.7120629549026489,
        "SVR": 0.7420173829060551
    },
    "BON PCA top 5": {
        "#Feats": 6,
        "LASSO": 0.952313451648016,
        "RF": 0.7642312697632795,
        "XGB": 0.7120629549026489,
        "SVR": 0.7420173829060551
    },
    "BOE": {
        "#Feats": 3,
        "LASSO": 1.1932461204176266,
        "RF": 1.1863908307263922,
        "XGB": 1.1648105382919312,
        "SVR": 1.1387689974960136
    },
    "BON + BOE": {
        "#Feats": 9,
        "LASSO": 0.9785968611086792,
        "RF": 0.7160249481957678,
        "XGB": 0.6668535470962524,
        "SVR": 0.8696432678696425
    },
    "BOD": {
        "#Feats": 4,
        "LASSO": 1.4222521733217945,
        "RF": 1.4113200226401872,
        "XGB": 1.3512166738510132,
        "SVR": 1.3474285291082393
    },
    "BON + BOD": {
        "#Feats": 10,
        "LASSO": 0.9492068122317768,
        "RF": 0.7237505395639278,
        "XGB": 0.6581193804740906,
        "SVR": 0.7573457183188418
    },
    "BON + BOE + BOD": {
        "#Feats": 13,
        "LASSO": 0.9796298098731027,
        "RF": 0.6909653032596759,
        "XGB": 0.6349133849143982,
        "SVR": 0.8700840412110895
    },
    "BON top 5 + Steady State Entropy": {
        "#Feats": 7,
        "LASSO": 0.952313451648016,
        "RF": 0.7789729263193488,
        "XGB": 0.7023910880088806,
        "SVR": 0.7468431212123323
    },
    "BON + BOE + BOD + SSE": {
        "#Feats": 14,
        "LASSO": 0.9796298098731027,
        "RF": 0.6858139141332529,
        "XGB": 0.6261171102523804,
        "SVR": 0.8701050184585922
    },
    "SSW BON": {
        "#Feats": 28,
        "LASSO": 1.4785104238663516,
        "RF": 0.9337126195141909,
        "XGB": 0.8917080163955688,
        "SVR": 0.9317500898893825
    },
    "RWPE MN": {
        "#Feats": 10,
        "LASSO": 1.4785104238663516,
        "RF": 1.4383961271951753,
        "XGB": 1.4418638944625854,
        "SVR": 1.4317186714497188
    },
    "RWPE BON": {
        "#Feats": 16,
        "LASSO": 0.952313451648016,
        "RF": 0.7159686291439243,
        "XGB": 0.6832398772239685,
        "SVR": 0.746189111654844
    },
    "Laplacian Eigenvalues": {
        "#Feats": 8,
        "LASSO": 1.4785104238663516,
        "RF": 1.421852961662851,
        "XGB": 1.4701277017593384,
        "SVR": 1.4094006111804964
    },
    "BON + Laplacian Eigenvalues": {
        "#Feats": 21,
        "LASSO": 0.952313451648016,
        "RF": 0.7184713990047117,
        "XGB": 0.7077532410621643,
        "SVR": 0.7466457796717559
    },
    "Comprehensive Features": {
        "#Feats": 29,
        "LASSO": 0.9796298098731027,
        "RF": 0.6765346052979601,
        "XGB": 0.6326426267623901,
        "SVR": 0.8772156565422694
    }
}